{
    "loss": 1.2859514951705933,
    "accuracy": 0.9224137663841248
}